[
  {
    "assigned_outlet_id": "s_001",
    "agent_id": "a_001",
    "outlet_name": "Blue Market",
    "outlet_type": "retail",
    "community": "Eastside",
    "assembly": "Zone A",
    "address": "12 Park Road, Accra",
    "contact_name": "Kofi Mensah",
    "contact_phone": "+233-555-000-111",
    "business_phone": "+233-302-000-222",
    "number_of_stylists": 0,
    "headerboard": true,
    "painted": false,
    "telescopic": true,
    "latitude": 5.614818,
    "longitude": -0.205874,
    "outlet_front_image": "https://picsum.photos/seed/s_001-1/720/405",
    "outlet_side_image": "https://picsum.photos/seed/s_001-2/720/405",
    "product_displayed": false,
    "product_a_displayed": false,
    "product_a_image": null,
    "product_b_displayed": false,
    "product_b_image": null,
    "product_c_displayed": false,
    "product_c_image": null,
    "telescopic_image": null
  },
  {
    "assigned_outlet_id": "s_002",
    "agent_id": "a_001",
    "outlet_name": "Style Haven Salon",
    "outlet_type": "salon",
    "community": "Eastside",
    "assembly": "Zone B",
    "address": "45 High Street, Accra",
    "contact_name": "Ama Owusu",
    "contact_phone": "+233-555-111-222",
    "business_phone": "+233-302-111-333",
    "number_of_stylists": 3,
    "headerboard": true,
    "painted": true,
    "telescopic": false,
    "latitude": 5.618234,
    "longitude": -0.198765,
    "outlet_front_image": "https://picsum.photos/seed/s_002-1/720/405",
    "outlet_side_image": "https://picsum.photos/seed/s_002-2/720/405",
    "product_displayed": false,
    "product_a_displayed": false,
    "product_a_image": null,
    "product_b_displayed": false,
    "product_b_image": null,
    "product_c_displayed": false,
    "product_c_image": null,
    "telescopic_image": null
  },
  {
    "assigned_outlet_id": "s_003",
    "agent_id": "a_001",
    "outlet_name": "Corner Store",
    "outlet_type": "retail",
    "community": "Westside",
    "assembly": "Zone A",
    "address": "8 Market Lane, Accra",
    "contact_name": "Yaw Mensah",
    "contact_phone": "+233-555-222-333",
    "business_phone": "+233-302-222-444",
    "number_of_stylists": 0,
    "headerboard": false,
    "painted": true,
    "telescopic": false,
    "latitude": 5.605123,
    "longitude": -0.212345,
    "outlet_front_image": null,
    "outlet_side_image": null,
    "product_displayed": false,
    "product_a_displayed": false,
    "product_a_image": null,
    "product_b_displayed": false,
    "product_b_image": null,
    "product_c_displayed": false,
    "product_c_image": null,
    "telescopic_image": null
  },
  {
    "assigned_outlet_id": "s_004",
    "agent_id": "a_002",
    "outlet_name": "Elite Hair Studio",
    "outlet_type": "salon",
    "community": "Northside",
    "assembly": "Zone C",
    "address": "22 Oxford Street, Accra",
    "contact_name": "Abena Boateng",
    "contact_phone": "+233-555-333-444",
    "business_phone": "+233-302-333-555",
    "number_of_stylists": 5,
    "headerboard": true,
    "painted": true,
    "telescopic": true,
    "latitude": 5.625678,
    "longitude": -0.189012,
    "outlet_front_image": null,
    "outlet_side_image": null,
    "product_displayed": false,
    "product_a_displayed": false,
    "product_a_image": null,
    "product_b_displayed": false,
    "product_b_image": null,
    "product_c_displayed": false,
    "product_c_image": null,
    "telescopic_image": null
  },
  {
    "assigned_outlet_id": "s_005",
    "agent_id": "a_002",
    "outlet_name": "Fresh Mart",
    "outlet_type": "retail",
    "community": "Northside",
    "assembly": "Zone A",
    "address": "15 Commerce Road, Accra",
    "contact_name": "Kwame Agyeman",
    "contact_phone": "+233-555-444-555",
    "business_phone": "+233-302-444-666",
    "number_of_stylists": 0,
    "headerboard": true,
    "painted": false,
    "telescopic": true,
    "latitude": 5.630234,
    "longitude": -0.182345,
    "outlet_front_image": null,
    "outlet_side_image": null,
    "product_displayed": false,
    "product_a_displayed": false,
    "product_a_image": null,
    "product_b_displayed": false,
    "product_b_image": null,
    "product_c_displayed": false,
    "product_c_image": null,
    "telescopic_image": null
  },
  {
    "assigned_outlet_id": "s_006",
    "agent_id": "a_003",
    "outlet_name": "Glamour Beauty Salon",
    "outlet_type": "salon",
    "community": "Eastside",
    "assembly": "Zone C",
    "address": "78 Liberty Avenue, Accra",
    "contact_name": "Efua Darko",
    "contact_phone": "+233-555-555-666",
    "business_phone": "+233-302-555-777",
    "number_of_stylists": 4,
    "headerboard": false,
    "painted": true,
    "telescopic": false,
    "latitude": 5.621456,
    "longitude": -0.195678,
    "outlet_front_image": null,
    "outlet_side_image": null,
    "product_displayed": false,
    "product_a_displayed": false,
    "product_a_image": null,
    "product_b_displayed": false,
    "product_b_image": null,
    "product_c_displayed": false,
    "product_c_image": null,
    "telescopic_image": null
  },
  {
    "assigned_outlet_id": "s_007",
    "agent_id": "a_003",
    "outlet_name": "Quick Stop Shop",
    "outlet_type": "retail",
    "community": "Westside",
    "assembly": "Zone B",
    "address": "33 Ring Road, Accra",
    "contact_name": "Akua Sarpong",
    "contact_phone": "+233-555-666-777",
    "business_phone": "+233-302-666-888",
    "number_of_stylists": 0,
    "headerboard": true,
    "painted": true,
    "telescopic": false,
    "latitude": 5.608901,
    "longitude": -0.208765,
    "outlet_front_image": null,
    "outlet_side_image": null,
    "product_displayed": false,
    "product_a_displayed": false,
    "product_a_image": null,
    "product_b_displayed": false,
    "product_b_image": null,
    "product_c_displayed": false,
    "product_c_image": null,
    "telescopic_image": null
  },
  {
    "assigned_outlet_id": "s_008",
    "agent_id": "a_004",
    "outlet_name": "Prime Cuts Salon",
    "outlet_type": "salon",
    "community": "Northside",
    "assembly": "Zone B",
    "address": "91 Independence Avenue, Accra",
    "contact_name": "Kojo Appiah",
    "contact_phone": "+233-555-777-888",
    "business_phone": "+233-302-777-999",
    "number_of_stylists": 2,
    "headerboard": true,
    "painted": false,
    "telescopic": true,
    "latitude": 5.628345,
    "longitude": -0.185432,
    "outlet_front_image": null,
    "outlet_side_image": null,
    "product_displayed": false,
    "product_a_displayed": false,
    "product_a_image": null,
    "product_b_displayed": false,
    "product_b_image": null,
    "product_c_displayed": false,
    "product_c_image": null,
    "telescopic_image": null
  },
  {
    "assigned_outlet_id": "s_009",
    "agent_id": "a_004",
    "outlet_name": "City Center Store",
    "outlet_type": "retail",
    "community": "Eastside",
    "assembly": "Zone A",
    "address": "5 Castle Road, Accra",
    "contact_name": "Adjoa Frimpong",
    "contact_phone": "+233-555-888-999",
    "business_phone": "+233-302-888-000",
    "number_of_stylists": 0,
    "headerboard": false,
    "painted": false,
    "telescopic": true,
    "latitude": 5.616789,
    "longitude": -0.201234,
    "outlet_front_image": null,
    "outlet_side_image": null,
    "product_displayed": false,
    "product_a_displayed": false,
    "product_a_image": null,
    "product_b_displayed": false,
    "product_b_image": null,
    "product_c_displayed": false,
    "product_c_image": null,
    "telescopic_image": null
  }
]
