assigned_outlet_id,agent_user_id,agent_id,outlet_name,outlet_type,community,assembly,address,contact_name,contact_phone,business_phone,number_of_stylists,headerboard,painted,telescopic,latitude,longitude,outlet_front_image,outlet_side_image,product_displayed,product_a_displayed,product_a_image,product_b_displayed,product_b_image,product_c_displayed,product_c_image,telescopic_image,created_at
s_001,16b64b14-184f-4614-8ef5-06f3c0569e3a,a_001,Blue Market,retail,Eastside,Zone A,"12 Park Road, Accra",Kofi Mensah,+233-555-000-111,+233-302-000-222,0,true,false,true,5.61481800,-0.20587400,https://picsum.photos/seed/s_001-1/720/405,https://picsum.photos/seed/s_001-2/720/405,false,false,,false,,false,,,2025-10-04 15:54:23.066028+00
s_002,16b64b14-184f-4614-8ef5-06f3c0569e3a,a_001,Style Haven Salon,salon,Eastside,Zone B,"45 High Street, Accra",Ama Owusu,+233-555-111-222,+233-302-111-333,3,true,true,false,5.61823400,-0.19876500,https://picsum.photos/seed/s_002-1/720/405,https://picsum.photos/seed/s_002-2/720/405,false,false,,false,,false,,,2025-10-04 15:54:23.066028+00
s_003,16b64b14-184f-4614-8ef5-06f3c0569e3a,a_001,Corner Store,retail,Westside,Zone A,"8 Market Lane, Accra",Yaw Mensah,+233-555-222-333,+233-302-222-444,0,false,true,false,5.60512300,-0.21234500,,,false,false,,false,,false,,,2025-10-04 15:54:23.066028+00
s_004,0ab0a21f-20bf-4fac-8d6a-0424223d4d13,a_002,Elite Hair Studio,salon,Northside,Zone C,"22 Oxford Street, Accra",Abena Boateng,+233-555-333-444,+233-302-333-555,5,true,true,true,5.62567800,-0.18901200,,,false,false,,false,,false,,,2025-10-04 15:54:23.066028+00
s_005,0ab0a21f-20bf-4fac-8d6a-0424223d4d13,a_002,Fresh Mart,retail,Northside,Zone A,"15 Commerce Road, Accra",Kwame Agyeman,+233-555-444-555,+233-302-444-666,0,true,false,true,5.63023400,-0.18234500,,,false,false,,false,,false,,,2025-10-04 15:54:23.066028+00
s_006,b370f03e-8d55-4b3d-8811-d03787e3e3ce,a_003,Glamour Beauty Salon,salon,Eastside,Zone C,"78 Liberty Avenue, Accra",Efua Darko,+233-555-555-666,+233-302-555-777,4,false,true,false,5.62145600,-0.19567800,,,false,false,,false,,false,,,2025-10-04 15:54:23.066028+00
s_007,b370f03e-8d55-4b3d-8811-d03787e3e3ce,a_003,Quick Stop Shop,retail,Westside,Zone B,"33 Ring Road, Accra",Akua Sarpong,+233-555-666-777,+233-302-666-888,0,true,true,false,5.60890100,-0.20876500,,,false,false,,false,,false,,,2025-10-04 15:54:23.066028+00
s_008,57776cc2-5099-4e0c-a338-48a7365db41b,a_004,Prime Cuts Salon,salon,Northside,Zone B,"91 Independence Avenue, Accra",Kojo Appiah,+233-555-777-888,+233-302-777-999,2,true,false,true,5.62834500,-0.18543200,,,false,false,,false,,false,,,2025-10-04 15:54:23.066028+00
s_009,57776cc2-5099-4e0c-a338-48a7365db41b,a_004,City Center Store,retail,Eastside,Zone A,"5 Castle Road, Accra",Adjoa Frimpong,+233-555-888-999,+233-302-888-000,0,false,false,true,5.61678900,-0.20123400,,,false,false,,false,,false,,,2025-10-04 15:54:23.066028+00